{
  "mu": [
    [
      0.18730159103870392,
      0.33253970742225647,
      0.19761906564235687,
      0.05634920299053192,
      -0.14444445073604584,
      0.20079365372657776,
      0.29126986861228943,
      0.05714286118745804,
      0.08571428805589676,
      0.16904762387275696,
      0.05873016640543938,
      0.1349206417798996,
      0.17380954325199127,
      -0.10158731043338776,
      -0.05476190522313118,
      -0.09285712987184525,
      -0.05000000447034836,
      -0.03730159252882004,
      -0.06111111491918564,
      0.20793649554252625,
      0.14126981794834137,
      0.27222222089767456,
      -0.22698412835597992,
      -0.3896825611591339,
      -0.3611111044883728,
      -0.26825395226478577,
      0.1666666716337204,
      -0.07301586866378784,
      -0.046031732112169266,
      0.21984127163887024,
      0.22142857313156128,
      -0.011111113242805004,
      0.02142857015132904,
      0.1468254178762436,
      0.042857151478528976,
      -0.12777778506278992,
      0.09444443136453629,
      -0.01587301678955555,
      0.13253968954086304,
      -0.07301587611436844,
      0.09444443136453629,
      0.11428571492433548,
      0.1547619104385376,
      0.0436507947742939,
      0.04285714775323868,
      -0.15158729255199432,
      0.08412697911262512,
      -0.14603173732757568,
      -0.08650793135166168,
      0.18809524178504944,
      -0.03095237910747528,
      0.004761905875056982
    ]
  ],
  "sigma": [
    [
      0.41861146688461304,
      0.3591943085193634,
      0.44104209542274475,
      0.4181395173072815,
      0.4972233474254608,
      0.5818001627922058,
      0.5587713122367859,
      0.5931391716003418,
      0.43236416578292847,
      0.46572428941726685,
      0.554386556148529,
      0.48669886589050293,
      0.6773171424865723,
      0.5530555844306946,
      0.509061872959137,
      0.5191840529441833,
      0.5361162424087524,
      0.32212933897972107,
      0.3236626386642456,
      0.44979768991470337,
      0.3832338750362396,
      0.32529327273368835,
      0.39408573508262634,
      0.503295361995697,
      0.39700713753700256,
      0.4626787006855011,
      0.40532174706459045,
      0.5864087343215942,
      0.5460755228996277,
      0.5134723782539368,
      0.5078130960464478,
      0.5046171545982361,
      0.5910183191299438,
      0.6726737022399902,
      0.5419582724571228,
      0.46233341097831726,
      0.5217956304550171,
      0.5974034667015076,
      0.5807533860206604,
      0.47782787680625916,
      0.5732537508010864,
      0.5012229681015015,
      0.4181605875492096,
      0.6063808798789978,
      0.5619450807571411,
      0.5200327634811401,
      0.637133002281189,
      0.5744079351425171,
      0.5345749855041504,
      0.5741256475448608,
      0.6024373769760132,
      0.5541842579841614
    ]
  ],
  "cfg": {
    "input_dim": 52,
    "hidden1": 128,
    "hidden2": 64,
    "bottleneck": 3,
    "dropout": 0.1,
    "lr": 0.001,
    "weight_decay": 0.0001,
    "batch_size": 32,
    "epochs": 10000,
    "patience": 20,
    "device": "cuda"
  },
  "best_val": 0.2313702553510666,
  "history": {
    "train": [
      1.2642379029888973,
      0.8902772074547883,
      0.6724582197510194,
      0.5449272059948644,
      0.48542091055451153,
      0.47731547433639243,
      0.41500955764378344,
      0.38284253600601836,
      0.36336201429367065,
      0.36057339761858787,
      0.35570329817656043,
      0.34622336854444485,
      0.3249282238082351,
      0.3815930831098111,
      0.30642601959059174,
      0.31776766687910135,
      0.2991067393917904,
      0.3416710036380269,
      0.3033380753526064,
      0.297344423343088,
      0.300565771131872,
      0.3073519078370567,
      0.30347426806654887,
      0.30867440845364724,
      0.32393374955542736,
      0.2726634221377774,
      0.2766065717300522,
      0.28883954966179676,
      0.2972954547850885,
      0.31807300309154474,
      0.2661151331718837,
      0.27129693621786954,
      0.27810862131207903,
      0.25996504375867757,
      0.25699307846131725,
      0.30360873976600505,
      0.27094509835555175,
      0.2557600391245334,
      0.26053204171568434,
      0.259966681493777,
      0.2882349619241518,
      0.2635751472455319,
      0.2650171626951093,
      0.2565644642460012,
      0.27366787585142616,
      0.23529757601078424,
      0.2579386039314983,
      0.24032162450184333,
      0.23326394310064405,
      0.2580473687604209,
      0.2875812944964828,
      0.24496779904187282,
      0.2783244942950311,
      0.24900215641360415,
      0.245105557352583,
      0.25207203375958953,
      0.20669580661804876,
      0.22604743676764943,
      0.23430047302602608,
      0.22656805242333455,
      0.23931315569120032,
      0.21549930695061373,
      0.22107092325932512,
      0.22087466744618994,
      0.24534186191647966,
      0.24036754932359,
      0.22878927827995515,
      0.22822986696368067,
      0.2501637492781488,
      0.23020492118095684,
      0.2516064276205045,
      0.24291791871329335,
      0.23843878619024686,
      0.22593830247348715,
      0.21173509342648159,
      0.24105354948578595,
      0.2195916278897045,
      0.21434855962468086,
      0.231267865294608,
      0.2301230399965126,
      0.21563505207266764,
      0.22063669757308246,
      0.20343497284104892,
      0.24535360681676419,
      0.20589301017957312,
      0.19767838410127944,
      0.2608405375313536,
      0.23027494605456558,
      0.20479568783367905,
      0.22075313246138742,
      0.22533363828035158,
      0.20562911005777734,
      0.20109336175651193,
      0.21659195478831497,
      0.21164446539967974,
      0.22427510073251813,
      0.2183755143223522,
      0.21413220005614736,
      0.1985439894912399,
      0.23090938207145048,
      0.19959146898483562,
      0.19241628426814747,
      0.20431156414691534,
      0.20272873188847693,
      0.20868323743343353,
      0.21123421582106117,
      0.21743433637039683,
      0.1842379401498866,
      0.19100232199530734,
      0.20213958788140912,
      0.19564717116756974,
      0.2005601827507821,
      0.1925963305424307,
      0.20027035307661395,
      0.21357144373599615,
      0.19411960188473495,
      0.19958726838927401,
      0.21882500102586835,
      0.22605989135314372,
      0.17932911871749663,
      0.23053881442435434,
      0.1925255801076087,
      0.21750523414567252,
      0.19793456667494552,
      0.18401403293431362,
      0.1813753670621141,
      0.1955183385131515,
      0.18526583269377736,
      0.18441697913352575,
      0.2194757074396187,
      0.19554036563244936,
      0.21671928869229612,
      0.19037705604161057,
      0.19719842689059605,
      0.1938069847142585,
      0.18662730430331187,
      0.2307212347182158,
      0.20104249921914574,
      0.20685823164253592,
      0.2146248898216497,
      0.18527863794398086,
      0.19034693787031084,
      0.19118401255005987,
      0.1812966539759502,
      0.1899918979294946,
      0.19983786929433592,
      0.17543117047470308,
      0.17121090872265468,
      0.1779330247473494,
      0.183831503318849
    ],