{
  "mu": [
    [
      0.2393617033958435,
      0.44574469327926636,
      0.2542553246021271,
      0.07765957713127136,
      -0.1872340440750122,
      0.22765952348709106,
      0.38617023825645447,
      0.06276597082614899,
      0.0904255285859108,
      0.2223404347896576,
      0.07659576088190079,
      0.16063830256462097,
      0.2191489338874817,
      -0.16382978856563568,
      -0.10106383264064789,
      -0.1425531655550003,
      -0.07765957713127136,
      -0.055319156497716904,
      -0.10212766379117966,
      0.2882978618144989,
      0.208510622382164,
      0.3648936152458191,
      -0.2680850923061371,
      -0.49148938059806824,
      -0.45638296008110046,
      -0.3329787254333496,
      0.20212766528129578,
      -0.09680850803852081,
      -0.06489359587430954,
      0.285106360912323,
      0.285106360912323,
      -0.019148945808410645,
      0.0063829682767391205,
      0.17127661406993866,
      0.022340429946780205,
      -0.17446810007095337,
      0.09255317598581314,
      -0.022340422496199608,
      0.14148935675621033,
      -0.0904255211353302,
      0.11170212924480438,
      0.1287233829498291,
      0.1765957623720169,
      0.045744676142930984,
      0.04787234961986542,
      -0.17872337996959686,
      0.09787233918905258,
      -0.1978723257780075,
      -0.11914893239736557,
      0.24574466049671173,
      -0.06276595592498779,
      -0.0010638250969350338
    ]
  ],
  "sigma": [
    [
      0.46567681431770325,
      0.3263808488845825,
      0.4922083914279938,
      0.4654337465763092,
      0.5456274747848511,
      0.6377159953117371,
      0.58302241563797,
      0.6121090054512024,
      0.4719964861869812,
      0.46589064598083496,
      0.6071254014968872,
      0.5432797074317932,
      0.663048505783081,
      0.546916127204895,
      0.5614371299743652,
      0.5627609491348267,
      0.6091770529747009,
      0.35418981313705444,
      0.33674877882003784,
      0.42372626066207886,
      0.3694906234741211,
      0.25587040185928345,
      0.3832150399684906,
      0.5045873522758484,
      0.3697493374347687,
      0.46388471126556396,
      0.4212390184402466,
      0.6762619614601135,
      0.6286945939064026,
      0.5766663551330566,
      0.5688655376434326,
      0.5804027915000916,
      0.6612059473991394,
      0.6717113852500916,
      0.5836703777313232,
      0.5263152122497559,
      0.5898502469062805,
      0.6905369758605957,
      0.6593694090843201,
      0.5281580090522766,
      0.6589573621749878,
      0.564296305179596,
      0.4618246853351593,
      0.6853582262992859,
      0.647043764591217,
      0.5867096185684204,
      0.7322333455085754,
      0.65671306848526,
      0.6147610545158386,
      0.6532512307167053,
      0.6864933967590332,
      0.6395634412765503
    ]
  ],
  "cfg": {
    "input_dim": 52,
    "hidden1": 128,
    "hidden2": 64,
    "bottleneck": 1,
    "dropout": 0.1,
    "lr": 0.001,
    "weight_decay": 0.0001,
    "batch_size": 32,
    "epochs": 2500,
    "patience": 40,
    "device": "cuda"
  },
  "best_val": 0.4674410820007324,
  "history": {
    "train": [
      1.291940246956258,
      1.1008446435385113,
      0.940857742406145,
      0.745436075367505,
      0.6625432387182985,
      0.6132158025910582,
      0.5957140767876106,
      0.5820316234721413,
      0.5756169859367081,
      0.5288337265388875,
      0.5129323035855836,
      0.5072381971757624,
      0.499440043787413,
      0.498307384267638,
      0.4825227735917779,
      0.4829144059102746,
      0.4833970450902287,
      0.4559000319317926,
      0.46777502004104327,
      0.5187270543243312,
      0.4695196321493463,
      0.49013313613360443,
      0.46648693122441254,
      0.46664216397683833,
      0.5131070549729504,
      0.5151393790788288,
      0.4698953315427032,
      0.459914462475837,
      0.43859420886522604,
      0.43685586467573917,
      0.42652953236917907,
      0.44630881578107423,
      0.46011616157580026,
      0.41210065650034555,
      0.4235672777212119,
      0.41995851450328586,
      0.406506576115572,
      0.39824755395515055,
      0.42281651760958416,
      0.42733369409283506,
      0.45567042465451396,
      0.5251257344137265,
      0.446888787082479,
      0.4395547282846668,
      0.4626283343834213,
      0.4331855479675003,
      0.38319867585278766,
      0.45505542317523234,
      0.40755423714842975,
      0.43867930656746973,
      0.38852784037590027,
      0.3908419209190562,
      0.3885257583630236,
      0.39789423799212975,
      0.3916010064414785,
      0.37716537978075726,
      0.4354915045484712,
      0.3658460589903819,
      0.42276400025886823,
      0.3809573835209955,
      0.4207814128338536,
      0.412730725505684,
      0.39666498575029496,
      0.4082855250262007,
      0.38609703318982186,
      0.35955540703821787,
      0.3987411883058427,
      0.47829880970942823,
      0.43029857738108573,
      0.3700877507276173,
      0.4061120231694813,
      0.36419011143189445,
      0.36875593813159796,
      0.3806316301792483,
      0.34980763174310514,
      0.4026648700237274,
      0.45823471983776815,
      0.36887810162351103,
      0.42429933932763114,
      0.3901392557198488,
      0.4106835307954233,
      0.4565756924544709,
      0.3898541840571391,
      0.3925247592262075,
      0.37870403596117524,
      0.38657495643519146,
      0.41927012914343725,
      0.4055337875704222,
      0.4104522847676579,
      0.41022636279275143,
      0.37579863056351864,
      0.36914112786703474,
      0.35548107533515255,
      0.38569141603723356,
      0.3472035180164289,
      0.34699068529696403,
      0.3761640104311931,
      0.3556264974648439,
      0.3560695493523079,
      0.37071744927877115,
      0.365048755573321,
      0.36568617330321784,
      0.38905726505231253,
      0.3432203101206429,
      0.36156411223773716,
      0.33448775282389,
      0.37897626093671294,
      0.3729520394832273,
      0.35547404160982443,
      0.3385098474689677,
      0.33568641656561743,
      0.3425102399874337,
      0.3696159312996683,
      0.4261520006988622,
      0.35945027312145955,
      0.3459078103681154,
      0.34108487375174895,
      0.34417419154432755,
      0.33366941236242464,
      0.3452175282224824,
      0.3465032053144672,
      0.34507311597655094,
      0.3524422264551815,
      0.3788431479206568,
      0.34513278362117233,
      0.36006256598460523,
      0.3844186561771586,
      0.3701349776002425,
      0.41615943516357035,
      0.3911659423309036,
      0.34161184030243114,
      0.35123467181302326,
      0.3353943779498716,
      0.343039846495737,
      0.34716234478769425,
      0.32344632058203976,
      0.39091209482543077,
      0.5417505050007301,
      0.3950920870786981,
      0.4010672086401831,
      0.4298874864095374,
      0.37078955392294294,
      0.35736169807518586
    ],